<?xml version="1.0" encoding="UTF-8"?>
<actions>
        <action>
            <actionName>run</actionName>
            <goals>
                <goal>process-classes</goal>
                <goal>org.codehaus.mojo:exec-maven-plugin:1.1.1:exec</goal>
            </goals>
            <properties>
                <exec.classpathScope>runtime</exec.classpathScope>
                <exec.args>-classpath %classpath net.ensode.glassfishbook.SessionBeanClient</exec.args>
                <exec.executable>java</exec.executable>
            </properties>
        </action>
    </actions>
